{"cameraMode":{"drawMode":0,"name":"Shaded","section":"Shading Mode"},"sceneLighting":true,"audioPlay":false,"sceneViewState":{"showFog":true,"showMaterialUpdate":true,"showSkybox":true,"showFlares":true,"showImageEffects":true,"showParticleSystems":true},"in2DMode":false,"pivot":{"x":-3.7769370079040529,"y":-4.403979778289795,"z":-11.38992977142334},"rotation":{"x":0.06275295466184616,"y":-0.9372475743293762,"z":0.24162662029266358,"w":0.24342356622219087},"size":21.82234001159668,"orthographic":false}