{"cameraMode":{"drawMode":0,"name":"Shaded","section":"Shading Mode"},"sceneLighting":true,"audioPlay":false,"sceneViewState":{"showFog":true,"showMaterialUpdate":true,"showSkybox":true,"showFlares":true,"showImageEffects":true,"showParticleSystems":true},"in2DMode":false,"pivot":{"x":253.0501708984375,"y":101.53147888183594,"z":502.67315673828127},"rotation":{"x":0.07222236692905426,"y":-0.02693459764122963,"z":0.001973059494048357,"w":0.9970450401306152},"size":894.3243408203125,"orthographic":false}