{"cameraMode":{"drawMode":0,"name":"Shaded","section":"Shading Mode"},"sceneLighting":true,"audioPlay":false,"sceneViewState":{"showFog":true,"showMaterialUpdate":true,"showSkybox":true,"showFlares":true,"showImageEffects":true,"showParticleSystems":true},"in2DMode":false,"pivot":{"x":-9.592058181762696,"y":-5.120767593383789,"z":0.9627538919448853},"rotation":{"x":0.0845409408211708,"y":0.4480232000350952,"z":-0.04260294884443283,"w":0.8890058398246765},"size":30.043203353881837,"orthographic":false}