{"cameraMode":{"drawMode":0,"name":"Shaded","section":"Shading Mode"},"sceneLighting":true,"audioPlay":false,"sceneViewState":{"showFog":true,"showMaterialUpdate":true,"showSkybox":true,"showFlares":true,"showImageEffects":true,"showParticleSystems":true},"in2DMode":false,"pivot":{"x":-19.458786010742189,"y":-15.901288032531739,"z":-2.255256414413452},"rotation":{"x":0.23902326822280885,"y":-0.6588146686553955,"z":0.23365937173366548,"w":0.6740021705627441},"size":45.84280014038086,"orthographic":false}