{"cameraMode":{"drawMode":0,"name":"Shaded","section":"Shading Mode"},"sceneLighting":true,"audioPlay":false,"sceneViewState":{"showFog":true,"showMaterialUpdate":true,"showSkybox":true,"showFlares":true,"showImageEffects":true,"showParticleSystems":true},"in2DMode":false,"pivot":{"x":-401.47265625,"y":-427.7388000488281,"z":471.4930725097656},"rotation":{"x":0.28031298518180849,"y":-0.3294942080974579,"z":0.10314661264419556,"w":0.8956915140151978},"size":964.220947265625,"orthographic":false}