{"cameraMode":{"drawMode":0,"name":"Shaded","section":"Shading Mode"},"sceneLighting":true,"audioPlay":false,"sceneViewState":{"showFog":true,"showMaterialUpdate":true,"showSkybox":true,"showFlares":true,"showImageEffects":true,"showParticleSystems":true},"in2DMode":false,"pivot":{"x":0.7573428153991699,"y":-7.006091117858887,"z":7.976934432983398},"rotation":{"x":0.40018147230148318,"y":0.06480967998504639,"z":-0.028381576761603357,"w":0.9137060046195984},"size":26.433704376220704,"orthographic":false}