{"cameraMode":{"drawMode":0,"name":"Shaded","section":"Shading Mode"},"sceneLighting":true,"audioPlay":false,"sceneViewState":{"showFog":true,"showMaterialUpdate":true,"showSkybox":true,"showFlares":true,"showImageEffects":true,"showParticleSystems":true},"in2DMode":false,"pivot":{"x":-5.701387882232666,"y":-0.4252796173095703,"z":1.7329726219177247},"rotation":{"x":0.147013321518898,"y":-0.5224652290344238,"z":0.09200604259967804,"w":0.8348475694656372},"size":14.381367683410645,"orthographic":false}