{"cameraMode":{"drawMode":0,"name":"Shaded","section":"Shading Mode"},"sceneLighting":true,"audioPlay":false,"sceneViewState":{"showFog":true,"showMaterialUpdate":true,"showSkybox":true,"showFlares":true,"showImageEffects":true,"showParticleSystems":true},"in2DMode":false,"pivot":{"x":-0.8161604404449463,"y":-5.741478443145752,"z":17.09215545654297},"rotation":{"x":0.18663915991783143,"y":0.026827219873666765,"z":-0.00509729515761137,"w":0.9820544123649597},"size":26.433704376220704,"orthographic":false}